"Name","Path","Size","LastModified"
"README.md","/workspaces/menschlichkeit-oesterreich-development/api.menschlichkeit-oesterreich.at/README.md","8781","10/10/2025 19:46:54"
"README.md","/workspaces/menschlichkeit-oesterreich-development/automation/elk-stack/elasticsearch/templates/README.md","11262","10/09/2025 16:01:45"
"README.md","/workspaces/menschlichkeit-oesterreich-development/automation/n8n/custom-nodes/pii-sanitizer/README.md","1397","10/09/2025 16:01:45"
"README.md","/workspaces/menschlichkeit-oesterreich-development/automation/README.md","9199","10/10/2025 20:57:59"
"README.md","/workspaces/menschlichkeit-oesterreich-development/crm.menschlichkeit-oesterreich.at/web/core/tests/Drupal/Tests/Composer/Plugin/Scaffold/fixtures/drupal-composer-drupal-project/docroot/sites/default/README.md","9","10/09/2025 16:01:46"
"README.md","/workspaces/menschlichkeit-oesterreich-development/crm.menschlichkeit-oesterreich.at/web/core/tests/Drupal/Tests/Composer/Plugin/Scaffold/fixtures/drupal-composer-drupal-project/docroot/README.md","9","10/09/2025 16:01:46"
"README.md","/workspaces/menschlichkeit-oesterreich-development/crm.menschlichkeit-oesterreich.at/web/core/tests/Drupal/Tests/Composer/Plugin/Scaffold/fixtures/project-with-illegal-dir-scaffold/assets/README.md","9","10/09/2025 16:01:46"
"README.md","/workspaces/menschlichkeit-oesterreich-development/crm.menschlichkeit-oesterreich.at/web/core/tests/Drupal/Tests/Composer/Plugin/Scaffold/fixtures/README.md","1888","10/09/2025 16:01:46"
"README.md","/workspaces/menschlichkeit-oesterreich-development/crm.menschlichkeit-oesterreich.at/web/core/tests/README.md","6973","10/09/2025 16:01:46"
"README.md","/workspaces/menschlichkeit-oesterreich-development/crm.menschlichkeit-oesterreich.at/web/core/themes/claro/images/core/README.md","228","10/09/2025 16:01:46"
"README.md","/workspaces/menschlichkeit-oesterreich-development/crm.menschlichkeit-oesterreich.at/web/core/themes/olivero/README.md","2184","10/09/2025 16:01:46"
"README.md","/workspaces/menschlichkeit-oesterreich-development/crm.menschlichkeit-oesterreich.at/web/core/themes/starterkit_theme/README.md","529","10/09/2025 16:01:46"
"README.md","/workspaces/menschlichkeit-oesterreich-development/crm.menschlichkeit-oesterreich.at/web/modules/custom/pii_sanitizer/README.md","9172","10/09/2025 16:01:46"
"README.md","/workspaces/menschlichkeit-oesterreich-development/crm.menschlichkeit-oesterreich.at/web/README.md","3205","10/09/2025 16:01:45"
"README.md","/workspaces/menschlichkeit-oesterreich-development/crm.menschlichkeit-oesterreich.at/README.md","8874","10/10/2025 20:55:53"
"README.md","/workspaces/menschlichkeit-oesterreich-development/deployment-scripts/README.md","1348","10/10/2025 20:53:29"
"README.md","/workspaces/menschlichkeit-oesterreich-development/docs/archive/README.md","4630","10/10/2025 19:27:11"
"README.md","/workspaces/menschlichkeit-oesterreich-development/frontend/README.md","8969","10/10/2025 20:57:36"
"README.md","/workspaces/menschlichkeit-oesterreich-development/mcp-servers/policies/README.md","1131","10/09/2025 16:01:46"
"README.md","/workspaces/menschlichkeit-oesterreich-development/mcp-servers/README.md","1248","10/10/2025 20:52:31"
"README.md","/workspaces/menschlichkeit-oesterreich-development/tests/README.md","1029","10/10/2025 20:53:09"
"README.md","/workspaces/menschlichkeit-oesterreich-development/web/README.md","7955","10/10/2025 20:57:41"
"README.md","/workspaces/menschlichkeit-oesterreich-development/README.md","14708","10/10/2025 20:57:25"
